{"cameraMode":{"drawMode":0,"name":"Shaded","section":"Shading Mode"},"sceneLighting":true,"audioPlay":false,"sceneViewState":{"showFog":true,"showMaterialUpdate":false,"showSkybox":true,"showFlares":true,"showImageEffects":true,"showParticleSystems":true},"in2DMode":false,"pivot":{"x":-1.2777760028839112,"y":1.434531331062317,"z":-0.7745130062103272},"rotation":{"x":0.021084412932395936,"y":-0.9243834018707275,"z":0.05164278671145439,"w":0.3773883283138275},"size":3.7531630992889406,"orthographic":false}